[
  {
    "model": "utsida.faculty",
    "pk": "AB",
    "fields": {
      "name": "Fakultet for arkitektur og billedkunst"
    }
  },
  {
    "model": "utsida.faculty",
    "pk": "DMF",
    "fields": {
      "name": "Det medisinske fakultet"
    }
  },
  {
    "model": "utsida.faculty",
    "pk": "HF",
    "fields": {
      "name": "Det humanistiske fakultet"
    }
  },
  {
    "model": "utsida.faculty",
    "pk": "IME",
    "fields": {
      "name": "Fakultet for informasjonsteknologi, matematikk og elektroteknikk"
    }
  },
  {
    "model": "utsida.faculty",
    "pk": "IVT",
    "fields": {
      "name": "Fakultet for ingeni\u00f8rvitenskap og teknologi"
    }
  },
  {
    "model": "utsida.faculty",
    "pk": "NT",
    "fields": {
      "name": "Fakultet for naturvitenskap og teknologi"
    }
  },
  {
    "model": "utsida.faculty",
    "pk": "SVT",
    "fields": {
      "name": "Fakultet for samfunnsvitenskap og teknologiledelse"
    }
  },
  {
    "model": "utsida.institute",
    "pk": "AB-ADM",
    "fields": {
      "name": "AB fakultetsadministrasjon",
      "faculty": "AB"
    }
  },
  {
    "model": "utsida.institute",
    "pk": "AB-BKFF",
    "fields": {
      "name": "Institutt for byggekunst, form og farge",
      "faculty": "AB"
    }
  },
  {
    "model": "utsida.institute",
    "pk": "AB-BKHT",
    "fields": {
      "name": "Institutt for byggekunst, historie og teknologi",
      "faculty": "AB"
    }
  },
  {
    "model": "utsida.institute",
    "pk": "AB-BKPF",
    "fields": {
      "name": "Institutt for byggekunst, prosjektering og forvaltning",
      "faculty": "AB"
    }
  },
  {
    "model": "utsida.institute",
    "pk": "AB-BYPLAN",
    "fields": {
      "name": "Institutt for byforming og planlegging",
      "faculty": "AB"
    }
  },
  {
    "model": "utsida.institute",
    "pk": "AB-KIT",
    "fields": {
      "name": "Institutt for billedkunst - Kunstakademiet i Trondheim",
      "faculty": "AB"
    }
  },
  {
    "model": "utsida.institute",
    "pk": "AB-ZEB",
    "fields": {
      "name": "ZEB (Zero emission buildings)",
      "faculty": "AB"
    }
  },
  {
    "model": "utsida.institute",
    "pk": "AMOS",
    "fields": {
      "name": "Senter for autonome marine operasjoner og systemer",
      "faculty": "IVT"
    }
  },
  {
    "model": "utsida.institute",
    "pk": "CASA",
    "fields": {
      "name": "Centre for Advanced Structural Analysis",
      "faculty": "IVT"
    }
  },
  {
    "model": "utsida.institute",
    "pk": "CESOS",
    "fields": {
      "name": "Centre for Ships and Ocean Structures",
      "faculty": "IVT"
    }
  },
  {
    "model": "utsida.institute",
    "pk": "DMF-ADM",
    "fields": {
      "name": "DMF fakultetsadministrasjon",
      "faculty": "DMF"
    }
  },
  {
    "model": "utsida.institute",
    "pk": "DMF-CNC",
    "fields": {
      "name": "Centre for Neural Computation (SFF-CNC)",
      "faculty": "DMF"
    }
  },
  {
    "model": "utsida.institute",
    "pk": "DMF-IKMM",
    "fields": {
      "name": "Institutt for kreftforskning og molekyl\u00e6r medisin",
      "faculty": "DMF"
    }
  },
  {
    "model": "utsida.institute",
    "pk": "DMF-INM",
    "fields": {
      "name": "Institutt for nevromedisin",
      "faculty": "DMF"
    }
  },
  {
    "model": "utsida.institute",
    "pk": "DMF-ISB",
    "fields": {
      "name": "Institutt for sirkulasjon og bildediagnostikk",
      "faculty": "DMF"
    }
  },
  {
    "model": "utsida.institute",
    "pk": "DMF-ISM",
    "fields": {
      "name": "Institutt for samfunnsmedisin",
      "faculty": "DMF"
    }
  },
  {
    "model": "utsida.institute",
    "pk": "DMF-KI",
    "fields": {
      "name": "Kavliinstituttet / Senter for nevrale nettverk",
      "faculty": "DMF"
    }
  },
  {
    "model": "utsida.institute",
    "pk": "DMF-LBK",
    "fields": {
      "name": "Institutt for laboratoriemedisin, barne- og kvinnesykdommer",
      "faculty": "DMF"
    }
  },
  {
    "model": "utsida.institute",
    "pk": "DMF-RKBU",
    "fields": {
      "name": "Regionalt kunnskapssenter for barn og unge - Psykisk helse og barnevern",
      "faculty": "DMF"
    }
  },
  {
    "model": "utsida.institute",
    "pk": "HF-ADM",
    "fields": {
      "name": "HF fakultetsadministrasjon",
      "faculty": "HF"
    }
  },
  {
    "model": "utsida.institute",
    "pk": "HF-IFR",
    "fields": {
      "name": "Institutt for filosofi og religionsvitenskap",
      "faculty": "HF"
    }
  },
  {
    "model": "utsida.institute",
    "pk": "HF-IHS",
    "fields": {
      "name": "Institutt for historiske studier",
      "faculty": "HF"
    }
  },
  {
    "model": "utsida.institute",
    "pk": "HF-IKM",
    "fields": {
      "name": "Institutt for kunst- og medievitenskap",
      "faculty": "HF"
    }
  },
  {
    "model": "utsida.institute",
    "pk": "HF-IM",
    "fields": {
      "name": "Institutt for musikk",
      "faculty": "HF"
    }
  },
  {
    "model": "utsida.institute",
    "pk": "HF-ISL",
    "fields": {
      "name": "Institutt for spr\u00e5k og litteratur",
      "faculty": "HF"
    }
  },
  {
    "model": "utsida.institute",
    "pk": "HF-KULT",
    "fields": {
      "name": "Institutt for tverrfaglige kulturstudier",
      "faculty": "HF"
    }
  },
  {
    "model": "utsida.institute",
    "pk": "IDI",
    "fields": {
      "name": "Institutt for datateknikk og informasjonsvitenskap",
      "faculty": "IME"
    }
  },
  {
    "model": "utsida.institute",
    "pk": "IME-ADM",
    "fields": {
      "name": "IME fakultetsadministrasjon",
      "faculty": "IME"
    }
  },
  {
    "model": "utsida.institute",
    "pk": "IME-ELKRAFT",
    "fields": {
      "name": "Institutt for elkraftteknikk",
      "faculty": "IME"
    }
  },
  {
    "model": "utsida.institute",
    "pk": "IME-IDI",
    "fields": {
      "name": "Institutt for datateknikk og informasjonsvitenskap",
      "faculty": "IME"
    }
  },
  {
    "model": "utsida.institute",
    "pk": "IME-IET",
    "fields": {
      "name": "Institutt for elektronikk og telekommunikasjon",
      "faculty": "IME"
    }
  },
  {
    "model": "utsida.institute",
    "pk": "IME-IMF",
    "fields": {
      "name": "Institutt for matematiske fag",
      "faculty": "IME"
    }
  },
  {
    "model": "utsida.institute",
    "pk": "IME-ITEM",
    "fields": {
      "name": "Institutt for telematikk",
      "faculty": "IME"
    }
  },
  {
    "model": "utsida.institute",
    "pk": "IME-ITK",
    "fields": {
      "name": "Institutt for teknisk kybernetikk",
      "faculty": "IME"
    }
  },
  {
    "model": "utsida.institute",
    "pk": "IVT-ADM",
    "fields": {
      "name": "IVT fakultetsadministrasjon",
      "faculty": "IVT"
    }
  },
  {
    "model": "utsida.institute",
    "pk": "IVT-BAT",
    "fields": {
      "name": "Institutt for bygg, anlegg og transport",
      "faculty": "IVT"
    }
  },
  {
    "model": "utsida.institute",
    "pk": "IVT-CIO",
    "fields": {
      "name": "SFI Integrated Operations in the Upstream Petroleum Sector",
      "faculty": "IVT"
    }
  },
  {
    "model": "utsida.institute",
    "pk": "IVT-EPT",
    "fields": {
      "name": "Institutt for energi- og prosessteknikk",
      "faculty": "IVT"
    }
  },
  {
    "model": "utsida.institute",
    "pk": "IVT-IGB",
    "fields": {
      "name": "Institutt for geologi og bergteknikk",
      "faculty": "IVT"
    }
  },
  {
    "model": "utsida.institute",
    "pk": "IVT-IMT",
    "fields": {
      "name": "Institutt for marin teknikk",
      "faculty": "IVT"
    }
  },
  {
    "model": "utsida.institute",
    "pk": "IVT-INDECOL",
    "fields": {
      "name": "Program for industriell \u00f8kologi",
      "faculty": "IVT"
    }
  },
  {
    "model": "utsida.institute",
    "pk": "IVT-IPD",
    "fields": {
      "name": "Institutt for produktdesign",
      "faculty": "IVT"
    }
  },
  {
    "model": "utsida.institute",
    "pk": "IVT-IPK",
    "fields": {
      "name": "Institutt for produksjons- og kvalitetsteknikk",
      "faculty": "IVT"
    }
  },
  {
    "model": "utsida.institute",
    "pk": "IVT-IPM",
    "fields": {
      "name": "Institutt for produktutvikling og materialer",
      "faculty": "IVT"
    }
  },
  {
    "model": "utsida.institute",
    "pk": "IVT-IPT",
    "fields": {
      "name": "Institutt for petroleumsteknologi og anvendt geofysikk",
      "faculty": "IVT"
    }
  },
  {
    "model": "utsida.institute",
    "pk": "IVT-IVM",
    "fields": {
      "name": "Institutt for vann- og milj\u00f8teknikk",
      "faculty": "IVT"
    }
  },
  {
    "model": "utsida.institute",
    "pk": "IVT-KT",
    "fields": {
      "name": "Institutt for konstruksjonsteknikk",
      "faculty": "IVT"
    }
  },
  {
    "model": "utsida.institute",
    "pk": "IVT-SAMCOT",
    "fields": {
      "name": "SFI Sustainable Arctic Marine and Coastal Technology",
      "faculty": "IVT"
    }
  },
  {
    "model": "utsida.institute",
    "pk": "IVT-SIMLAB",
    "fields": {
      "name": "SFI Structural Impact Laboratory",
      "faculty": "IVT"
    }
  },
  {
    "model": "utsida.institute",
    "pk": "NT-ADM",
    "fields": {
      "name": "NT fakultetsadministrasjon",
      "faculty": "NT"
    }
  },
  {
    "model": "utsida.institute",
    "pk": "NT-CBD",
    "fields": {
      "name": "Senter for Biodiversitetsdynamikk",
      "faculty": "NT"
    }
  },
  {
    "model": "utsida.institute",
    "pk": "NT-GUNNERUS",
    "fields": {
      "name": "FF Gunnerus",
      "faculty": "NT"
    }
  },
  {
    "model": "utsida.institute",
    "pk": "NT-IBI",
    "fields": {
      "name": "Institutt for biologi",
      "faculty": "NT"
    }
  },
  {
    "model": "utsida.institute",
    "pk": "NT-IBT",
    "fields": {
      "name": "Institutt for bioteknologi",
      "faculty": "NT"
    }
  },
  {
    "model": "utsida.institute",
    "pk": "NT-IFY",
    "fields": {
      "name": "Institutt for fysikk",
      "faculty": "NT"
    }
  },
  {
    "model": "utsida.institute",
    "pk": "NT-IKJ",
    "fields": {
      "name": "Institutt for kjemi",
      "faculty": "NT"
    }
  },
  {
    "model": "utsida.institute",
    "pk": "NT-IKP",
    "fields": {
      "name": "Institutt for kjemisk prosessteknologi",
      "faculty": "NT"
    }
  },
  {
    "model": "utsida.institute",
    "pk": "NT-IMTE",
    "fields": {
      "name": "Institutt for materialteknologi",
      "faculty": "NT"
    }
  },
  {
    "model": "utsida.institute",
    "pk": "NT-NANOLAB",
    "fields": {
      "name": "NTNU NanoLab",
      "faculty": "NT"
    }
  },
  {
    "model": "utsida.institute",
    "pk": "NT-SEALAB",
    "fields": {
      "name": "NTNU SeaLab",
      "faculty": "NT"
    }
  },
  {
    "model": "utsida.institute",
    "pk": "Q2S",
    "fields": {
      "name": "Centre for Quantifiable Quality of Service in Communication Systems",
      "faculty": "IME"
    }
  },
  {
    "model": "utsida.institute",
    "pk": "SVT-ADM",
    "fields": {
      "name": "SVT fakultetsadministrasjon",
      "faculty": "SVT"
    }
  },
  {
    "model": "utsida.institute",
    "pk": "SVT-GEO",
    "fields": {
      "name": "Geografisk institutt",
      "faculty": "SVT"
    }
  },
  {
    "model": "utsida.institute",
    "pk": "SVT-IOT",
    "fields": {
      "name": "Institutt for industriell \u00f8konomi og teknologiledelse",
      "faculty": "SVT"
    }
  },
  {
    "model": "utsida.institute",
    "pk": "SVT-IPL",
    "fields": {
      "name": "Institutt for pedagogikk og livslang l\u00e6ring",
      "faculty": "SVT"
    }
  },
  {
    "model": "utsida.institute",
    "pk": "SVT-ISH",
    "fields": {
      "name": "Institutt for sosialt arbeid og helsevitenskap",
      "faculty": "SVT"
    }
  },
  {
    "model": "utsida.institute",
    "pk": "SVT-ISO",
    "fields": {
      "name": "Institutt for samfunns\u00f8konomi",
      "faculty": "SVT"
    }
  },
  {
    "model": "utsida.institute",
    "pk": "SVT-ISS",
    "fields": {
      "name": "Institutt for sosiologi og statsvitenskap",
      "faculty": "SVT"
    }
  },
  {
    "model": "utsida.institute",
    "pk": "SVT-IVR",
    "fields": {
      "name": "Institutt for voksnes l\u00e6ring og r\u00e5dgivningsvitenskap",
      "faculty": "SVT"
    }
  },
  {
    "model": "utsida.institute",
    "pk": "SVT-NOSEB",
    "fields": {
      "name": "Norsk senter for barneforskning",
      "faculty": "SVT"
    }
  },
  {
    "model": "utsida.institute",
    "pk": "SVT-PED",
    "fields": {
      "name": "Pedagogisk institutt",
      "faculty": "SVT"
    }
  },
  {
    "model": "utsida.institute",
    "pk": "SVT-PLU",
    "fields": {
      "name": "Program for l\u00e6rerutdanning",
      "faculty": "SVT"
    }
  },
  {
    "model": "utsida.institute",
    "pk": "SVT-PSY",
    "fields": {
      "name": "Psykologisk institutt",
      "faculty": "SVT"
    }
  },
  {
    "model": "utsida.institute",
    "pk": "SVT-SANT",
    "fields": {
      "name": "Sosialantropologisk institutt",
      "faculty": "SVT"
    }
  },
  {
    "model": "utsida.country",
    "pk": "USA",
    "fields": {}
  },
  {
    "model": "utsida.university",
    "pk": "UCSB",
    "fields": {}
  },
  {
    "model": "utsida.course",
    "pk": "COSC3000",
    "fields": {}
  },
  {
    "model": "utsida.course",
    "pk": "CSB285",
    "fields": {}
  }
]